id,name,unit,price,count,discount,spec,pack,picture,description
G-5A,禮盒裝,5A 18粒,850,,780,一顆約 170~205 克（4.5~5.5 兩）,gift,柿子照片/persimmon-basket.jpg,
G-6A,禮盒裝,6A 15粒,950,,880,一顆約 205~240 克（5.5~6.5 兩）,gift,柿子照片/persimmon-basket.jpg,
G-7A,禮盒裝,7A 12粒,1050,,980,一顆約 240~280 克（6.5~7.5 兩）,gift,柿子照片/persimmon-basket.jpg,
G-8A,禮盒裝,8A 10粒,1150,,1080,一顆約 280~320 克（7.5~8.5 兩）,gift,柿子照片/persimmon-basket.jpg,
G-9A,禮盒裝,9A 9粒,1250,,1180,一顆約 320~355 克（8.5~9.5 兩）,gift,柿子照片/persimmon-basket.jpg,
G-10A,禮盒裝,10A 8粒,1350,,1280,一顆約 355~390 克（9.5~10.5 兩）,gift,柿子照片/persimmon-basket.jpg,
G-11A,禮盒裝,11A 6粒,1350,,1280,一顆約 390~430 克（10.5~11.5 兩以上）,gift,柿子照片/persimmon-basket.jpg,
B2-5A,二層箱裝,5A 36粒,1550,,1450,一顆約 170~205 克（4.5~5.5 兩）,box2,柿子照片/persimmon-box.jpg,
B2-6A,二層箱裝,6A 30粒,1750,,1650,一顆約 205~240 克（5.5~6.5 兩）,box2,柿子照片/persimmon-box.jpg,
B2-7A,二層箱裝,7A 24粒,1970,,1870,一顆約 240~280 克（6.5~7.5 兩）,box2,柿子照片/persimmon-box.jpg,
B2-8A,二層箱裝,8A 20粒,2180,,2080,一顆約 280~320 克（7.5~8.5 兩）,box2,柿子照片/persimmon-box.jpg,
B2-9A,二層箱裝,9A 18粒,2380,,2280,一顆約 320~355 克（8.5~9.5 兩）・限量,box2,柿子照片/persimmon-box.jpg,
B3-5A,三層經濟箱,5A 54粒,2200,,2100,一顆約 170~205 克（4.5~5.5 兩）,box3,柿子照片/persimmon-pile.jpg,
B3-6A,三層經濟箱,6A 45粒,2500,,2400,一顆約 205~240 克（5.5~6.5 兩）,box3,柿子照片/persimmon-pile.jpg,
B3-7A,三層經濟箱,7A 36粒,2800,,2700,一顆約 240~280 克（6.5~7.5 兩）,box3,柿子照片/persimmon-pile.jpg,
B3-8A,三層經濟箱,8A 30粒,3100,,3000,一顆約 280~320 克（7.5~8.5 兩）,box3,柿子照片/persimmon-pile.jpg,
